{"entity": {"Contratista": {"precision": 0.5333333333333333, "recall": 0.6666666666666666, "f1-score": 0.5925925925925926, "support": 12.0}, "Interventor": {"precision": 0.0, "recall": 0.0, "f1-score": 0.0, "support": 1.0}, "Municipio": {"precision": 0.0, "recall": 0.0, "f1-score": 0.0, "support": 1.0}, "SIF": {"precision": 0.8095238095238095, "recall": 0.7727272727272727, "f1-score": 0.7906976744186046, "support": 22.0}, "accuracy": 0.6944444444444444, "macro avg": {"precision": 0.33571428571428574, "recall": 0.35984848484848486, "f1-score": 0.3458225667527993, "support": 36.0}, "weighted avg": {"precision": 0.6724867724867725, "recall": 0.6944444444444444, "f1-score": 0.6807349985644559, "support": 36.0}}, "issue": {"Econ\u00f3mico": {"precision": 1.0, "recall": 0.25, "f1-score": 0.4, "support": 4.0}, "Ingenier\u00eda de la obra": {"precision": 0.36363636363636365, "recall": 1.0, "f1-score": 0.5333333333333333, "support": 12.0}, "Movilidad": {"precision": 1.0, "recall": 0.08333333333333333, "f1-score": 0.15384615384615385, "support": 12.0}, "Pol\u00edtico": {"precision": 0.0, "recall": 0.0, "f1-score": 0.0, "support": 1.0}, "Seguridad": {"precision": 1.0, "recall": 0.16666666666666666, "f1-score": 0.2857142857142857, "support": 6.0}, "Social": {"precision": 0.0, "recall": 0.0, "f1-score": 0.0, "support": 1.0}, "accuracy": 0.4166666666666667, "macro avg": {"precision": 0.5606060606060607, "recall": 0.25, "f1-score": 0.2288156288156288, "support": 36.0}, "weighted avg": {"precision": 0.7323232323232323, "recall": 0.4166666666666667, "f1-score": 0.3211233211233211, "support": 36.0}}}