{
  "saved_at": "2025-12-07T16:34:53.180846",
  "entity_f1": 0.7022222222222223,
  "issue_f1": 0.27673188138304416,
  "test_size": 1787,
  "train_size": 5713
}